family,source_rows,proposed_product_title,priced_options_json,family_pricing_status
bottom feeder by sas,2,Bottom Feeder By Sas,"[{""source_title"":""Bottom Feeder 25g by SAS"",""proposed_option"":""25g"",""cost_plus_gst"":""9.08"",""markdown_plus_gst"":""7.01"",""source_url"":""https://daluawholesale.com.au/product/bottom-feeder-25g-by-sas/"",""image_url"":""https://daluawholesale.com.au/wp-content/uploads/2022/11/300203547_527960822665890_5414167399628789488_n.jpg"",""market_observations"":0,""market_median_aud"":"""",""recommended_retail_aud"":"""",""pricing_status"":""insufficient_market_data"",""market_sources"":[]},{""source_title"":""Bottom Feeder 50g by SAS"",""proposed_option"":""50g"",""cost_plus_gst"":""15.08"",""markdown_plus_gst"":""12.07"",""source_url"":""https://daluawholesale.com.au/product/shrimp-sticks-50g-by-sas-copy/"",""image_url"":""https://daluawholesale.com.au/wp-content/uploads/2022/11/300203547_527960822665890_5414167399628789488_n.jpg"",""market_observations"":0,""market_median_aud"":"""",""recommended_retail_aud"":"""",""pricing_status"":""insufficient_market_data"",""market_sources"":[]}]",partial_or_unpriced
dragonwood per piece,3,Dragonwood Per Piece,"[{""source_title"":""Dragonwood Medium per piece"",""proposed_option"":""Medium"",""cost_plus_gst"":""9.33"",""markdown_plus_gst"":""7.47"",""source_url"":""https://daluawholesale.com.au/product/dragonwood-medium-per-piece/"",""image_url"":""https://daluawholesale.com.au/wp-content/uploads/2024/01/Untitled-design.png"",""market_observations"":0,""market_median_aud"":"""",""recommended_retail_aud"":"""",""pricing_status"":""insufficient_market_data"",""market_sources"":[]},{""source_title"":""Dragonwood Large per piece"",""proposed_option"":""Large"",""cost_plus_gst"":""16.39"",""markdown_plus_gst"":""13.11"",""source_url"":""https://daluawholesale.com.au/product/dragonwood-large-per-piece/"",""image_url"":""https://daluawholesale.com.au/wp-content/uploads/2024/01/Untitled-design.png"",""market_observations"":0,""market_median_aud"":"""",""recommended_retail_aud"":"""",""pricing_status"":""insufficient_market_data"",""market_sources"":[]},{""source_title"":""Dragonwood X-Large per piece"",""proposed_option"":""X-Large"",""cost_plus_gst"":""34.23"",""markdown_plus_gst"":""26.33"",""source_url"":""https://daluawholesale.com.au/product/dragonwood-x-large-per-piece/"",""image_url"":""https://daluawholesale.com.au/wp-content/uploads/2024/01/Untitled-design.png"",""market_observations"":0,""market_median_aud"":"""",""recommended_retail_aud"":"""",""pricing_status"":""insufficient_market_data"",""market_sources"":[]}]",partial_or_unpriced
drift wood,3,Drift Wood,"[{""source_title"":""Drift Wood Large"",""proposed_option"":""Large"",""cost_plus_gst"":""34.69"",""markdown_plus_gst"":""27.75"",""source_url"":""https://daluawholesale.com.au/product/drift-wood-large-2/"",""image_url"":""https://daluawholesale.com.au/wp-content/uploads/2025/08/dalua-dragon-wood-6.png"",""market_observations"":0,""market_median_aud"":"""",""recommended_retail_aud"":"""",""pricing_status"":""insufficient_market_data"",""market_sources"":[]},{""source_title"":""Drift Wood X Large"",""proposed_option"":""X-Large"",""cost_plus_gst"":""76.38"",""markdown_plus_gst"":""61.11"",""source_url"":""https://daluawholesale.com.au/product/drift-wood-x-large/"",""image_url"":""https://daluawholesale.com.au/wp-content/uploads/2025/08/dalua-dragon-wood-2.png"",""market_observations"":0,""market_median_aud"":"""",""recommended_retail_aud"":"""",""pricing_status"":""insufficient_market_data"",""market_sources"":[]},{""source_title"":""Drift Wood Medium"",""proposed_option"":""Medium"",""cost_plus_gst"":""13.71"",""markdown_plus_gst"":""10.97"",""source_url"":""https://daluawholesale.com.au/product/drift-wood-large/"",""image_url"":""https://daluawholesale.com.au/wp-content/uploads/2025/08/dalua-dragon-wood-7.png"",""market_observations"":0,""market_median_aud"":"""",""recommended_retail_aud"":"""",""pricing_status"":""insufficient_market_data"",""market_sources"":[]}]",partial_or_unpriced
gold forest wood per piece,5,Gold Forest Wood Per Piece,"[{""source_title"":""Gold Forest Wood X-Small per piece"",""proposed_option"":""X-Small"",""cost_plus_gst"":""4.74"",""markdown_plus_gst"":""3.80"",""source_url"":""https://daluawholesale.com.au/product/gold-forest-x-small-per-piece/"",""image_url"":""https://daluawholesale.com.au/wp-content/uploads/2024/01/Untitled-design-52.png"",""market_observations"":0,""market_median_aud"":"""",""recommended_retail_aud"":"""",""pricing_status"":""insufficient_market_data"",""market_sources"":[]},{""source_title"":""Gold Forest Wood Small per piece"",""proposed_option"":""Small"",""cost_plus_gst"":""7.40"",""markdown_plus_gst"":""5.92"",""source_url"":""https://daluawholesale.com.au/product/gold-forest-small-per-piece/"",""image_url"":""https://daluawholesale.com.au/wp-content/uploads/2024/01/Untitled-design-52.png"",""market_observations"":0,""market_median_aud"":"""",""recommended_retail_aud"":"""",""pricing_status"":""insufficient_market_data"",""market_sources"":[]},{""source_title"":""Gold Forest Wood Medium per piece"",""proposed_option"":""Medium"",""cost_plus_gst"":""14.26"",""markdown_plus_gst"":""10.97"",""source_url"":""https://daluawholesale.com.au/product/gold-forest-medium-per-piece/"",""image_url"":""https://daluawholesale.com.au/wp-content/uploads/2024/01/Untitled-design-52.png"",""market_observations"":0,""market_median_aud"":"""",""recommended_retail_aud"":"""",""pricing_status"":""insufficient_market_data"",""market_sources"":[]},{""source_title"":""Gold Forest Wood Large per piece"",""proposed_option"":""Large"",""cost_plus_gst"":""27.83"",""markdown_plus_gst"":""21.41"",""source_url"":""https://daluawholesale.com.au/product/gold-forest-large-per-piece/"",""image_url"":""https://daluawholesale.com.au/wp-content/uploads/2024/01/Untitled-design-52.png"",""market_observations"":0,""market_median_aud"":"""",""recommended_retail_aud"":"""",""pricing_status"":""insufficient_market_data"",""market_sources"":[]},{""source_title"":""Gold Forest Wood X-Large per piece"",""proposed_option"":""X-Large"",""cost_plus_gst"":""56.68"",""markdown_plus_gst"":""43.60"",""source_url"":""https://daluawholesale.com.au/product/gold-forest-x-large-per-piece/"",""image_url"":""https://daluawholesale.com.au/wp-content/uploads/2024/01/Untitled-design-52.png"",""market_observations"":0,""market_median_aud"":"""",""recommended_retail_aud"":"""",""pricing_status"":""insufficient_market_data"",""market_sources"":[]}]",partial_or_unpriced
haunted wood per piece,5,Haunted Wood Per Piece,"[{""source_title"":""Haunted Wood X-Large per piece"",""proposed_option"":""X-Large"",""cost_plus_gst"":""56.68"",""markdown_plus_gst"":""43.60"",""source_url"":""https://daluawholesale.com.au/product/haunted-wood-x-large-per-piece/"",""image_url"":""https://daluawholesale.com.au/wp-content/uploads/2024/01/Untitled-design-31.png"",""market_observations"":0,""market_median_aud"":"""",""recommended_retail_aud"":"""",""pricing_status"":""insufficient_market_data"",""market_sources"":[]},{""source_title"":""Haunted Wood Large per piece"",""proposed_option"":""Large"",""cost_plus_gst"":""27.90"",""markdown_plus_gst"":""21.41"",""source_url"":""https://daluawholesale.com.au/product/haunted-wood-large-per-piece/"",""image_url"":""https://daluawholesale.com.au/wp-content/uploads/2024/01/Untitled-design-31.png"",""market_observations"":0,""market_median_aud"":"""",""recommended_retail_aud"":"""",""pricing_status"":""insufficient_market_data"",""market_sources"":[]},{""source_title"":""Haunted Wood Medium per piece"",""proposed_option"":""Medium"",""cost_plus_gst"":""14.26"",""markdown_plus_gst"":""10.97"",""source_url"":""https://daluawholesale.com.au/product/haunted-wood-medium-per-piece/"",""image_url"":""https://daluawholesale.com.au/wp-content/uploads/2024/01/Untitled-design-31.png"",""market_observations"":0,""market_median_aud"":"""",""recommended_retail_aud"":"""",""pricing_status"":""insufficient_market_data"",""market_sources"":[]},{""source_title"":""Haunted Wood Small per piece"",""proposed_option"":""Small"",""cost_plus_gst"":""7.40"",""markdown_plus_gst"":""5.92"",""source_url"":""https://daluawholesale.com.au/product/haunted-wood-x-small-per-piece/"",""image_url"":""https://daluawholesale.com.au/wp-content/uploads/2024/01/Untitled-design-31.png"",""market_observations"":0,""market_median_aud"":"""",""recommended_retail_aud"":"""",""pricing_status"":""insufficient_market_data"",""market_sources"":[]},{""source_title"":""Haunted Wood X-Small per piece"",""proposed_option"":""X-Small"",""cost_plus_gst"":""4.74"",""markdown_plus_gst"":""3.80"",""source_url"":""https://daluawholesale.com.au/product/haunted-wood-small-per-piece/"",""image_url"":""https://daluawholesale.com.au/wp-content/uploads/2024/01/Untitled-design-31.png"",""market_observations"":0,""market_median_aud"":"""",""recommended_retail_aud"":"""",""pricing_status"":""insufficient_market_data"",""market_sources"":[]}]",partial_or_unpriced
nitrate fx,2,Nitrate Fx,"[{""source_title"":""NITRATE FX 500mL"",""proposed_option"":""500mL"",""cost_plus_gst"":""61.12"",""markdown_plus_gst"":""48.90"",""source_url"":""https://daluawholesale.com.au/product/nitrate-fx-500ml/"",""image_url"":""https://daluawholesale.com.au/wp-content/uploads/2021/06/1397.png"",""market_observations"":0,""market_median_aud"":"""",""recommended_retail_aud"":"""",""pricing_status"":""insufficient_market_data"",""market_sources"":[]},{""source_title"":""NITRATE FX 250mL"",""proposed_option"":""250mL"",""cost_plus_gst"":""39.66"",""markdown_plus_gst"":""31.72"",""source_url"":""https://daluawholesale.com.au/product/nitrate-fx-250ml/"",""image_url"":""https://daluawholesale.com.au/wp-content/uploads/2021/06/Nitrate-Fx-Media-Advanced-Regenerable-Nitrate-Control-Blue-Life-USA-250-mL-99.jpg"",""market_observations"":0,""market_median_aud"":"""",""recommended_retail_aud"":"""",""pricing_status"":""insufficient_market_data"",""market_sources"":[]}]",partial_or_unpriced
organic fx,2,Organic Fx,"[{""source_title"":""ORGANIC FX 250mL"",""proposed_option"":""250mL"",""cost_plus_gst"":""39.66"",""markdown_plus_gst"":""31.72"",""source_url"":""https://daluawholesale.com.au/product/organic-fx-250ml/"",""image_url"":""https://daluawholesale.com.au/wp-content/uploads/2021/06/Organic-Fx-Media-100-Organic-Regenerable-Resin-Blue-Life-USA-250-mL-99.jpg"",""market_observations"":0,""market_median_aud"":"""",""recommended_retail_aud"":"""",""pricing_status"":""insufficient_market_data"",""market_sources"":[]},{""source_title"":""ORGANIC FX 500mL"",""proposed_option"":""500mL"",""cost_plus_gst"":""61.12"",""markdown_plus_gst"":""48.90"",""source_url"":""https://daluawholesale.com.au/product/organic-fx-500ml/"",""image_url"":""https://daluawholesale.com.au/wp-content/uploads/2021/06/1392.png"",""market_observations"":0,""market_median_aud"":"""",""recommended_retail_aud"":"""",""pricing_status"":""insufficient_market_data"",""market_sources"":[]}]",partial_or_unpriced
quick release,2,Quick Release,"[{""source_title"":""Quick Release (16/22mm)"",""proposed_option"":""22mm / 16/22mm"",""cost_plus_gst"":""25.92"",""markdown_plus_gst"":""19.93"",""source_url"":""https://daluawholesale.com.au/product/quick-release-16-22mm/"",""image_url"":""https://daluawholesale.com.au/wp-content/uploads/2024/03/quick-release-1.png"",""market_observations"":0,""market_median_aud"":"""",""recommended_retail_aud"":"""",""pricing_status"":""insufficient_market_data"",""market_sources"":[]},{""source_title"":""Quick Release (12/16mm)"",""proposed_option"":""16mm / 12/16mm"",""cost_plus_gst"":""25.92"",""markdown_plus_gst"":""19.93"",""source_url"":""https://daluawholesale.com.au/product/quick-release-12-16mm/"",""image_url"":""https://daluawholesale.com.au/wp-content/uploads/2024/03/quick-release-1.png"",""market_observations"":0,""market_median_aud"":"""",""recommended_retail_aud"":"""",""pricing_status"":""insufficient_market_data"",""market_sources"":[]}]",partial_or_unpriced
shrimp aid by sas,3,Shrimp Aid By Sas,"[{""source_title"":""Shrimp Aid 50g by SAS"",""proposed_option"":""50g"",""cost_plus_gst"":""15.08"",""markdown_plus_gst"":""12.07"",""source_url"":""https://daluawholesale.com.au/product/shrimp-aid-50g-by-sas/"",""image_url"":""https://daluawholesale.com.au/wp-content/uploads/2022/11/309076784_1086703358484265_8585647156634237688_n.jpg"",""market_observations"":1,""market_median_aud"":"""",""recommended_retail_aud"":"""",""pricing_status"":""insufficient_market_data"",""market_sources"":[{""retailer"":""IW Aquariums"",""price"":24.95,""score"":0.743,""title"":""Sas Shrimp Aid 50g"",""url"":""https://iwaquariums.com.au/products/sas-shrimp-aid-50g""}]},{""source_title"":""Shrimp Aid 25g by SAS"",""proposed_option"":""25g"",""cost_plus_gst"":""9.08"",""markdown_plus_gst"":""7.01"",""source_url"":""https://daluawholesale.com.au/product/shrimp-aid-25g-by-sas/"",""image_url"":""https://daluawholesale.com.au/wp-content/uploads/2022/11/309076784_1086703358484265_8585647156634237688_n.jpg"",""market_observations"":1,""market_median_aud"":"""",""recommended_retail_aud"":"""",""pricing_status"":""insufficient_market_data"",""market_sources"":[{""retailer"":""IW Aquariums"",""price"":14.99,""score"":0.743,""title"":""Sas Shrimp Aid 25g"",""url"":""https://iwaquariums.com.au/products/sas-shrimp-aid-25g""}]},{""source_title"":""Shrimp Aid 15g by SAS"",""proposed_option"":""15g"",""cost_plus_gst"":""6.19"",""markdown_plus_gst"":""4.79"",""source_url"":""https://daluawholesale.com.au/product/shrimp-aid-15g-by-sas/"",""image_url"":""https://daluawholesale.com.au/wp-content/uploads/2022/11/309076784_1086703358484265_8585647156634237688_n.jpg"",""market_observations"":0,""market_median_aud"":"""",""recommended_retail_aud"":"""",""pricing_status"":""insufficient_market_data"",""market_sources"":[]}]",partial_or_unpriced
shrimpy bits by sas,3,Shrimpy Bits By Sas,"[{""source_title"":""Shrimpy Bits 50g by SAS"",""proposed_option"":""50g"",""cost_plus_gst"":""15.08"",""markdown_plus_gst"":""12.07"",""source_url"":""https://daluawholesale.com.au/product/shrimpy-bits-50g-by-sas/"",""image_url"":""https://daluawholesale.com.au/wp-content/uploads/2022/11/299129320_2016423121885001_4972031726711310455_n.jpg"",""market_observations"":0,""market_median_aud"":"""",""recommended_retail_aud"":"""",""pricing_status"":""insufficient_market_data"",""market_sources"":[]},{""source_title"":""Shrimpy Bits 25g by SAS"",""proposed_option"":""25g"",""cost_plus_gst"":""9.08"",""markdown_plus_gst"":""7.01"",""source_url"":""https://daluawholesale.com.au/product/shrimpy-bits-25g-by-sas/"",""image_url"":""https://daluawholesale.com.au/wp-content/uploads/2022/11/299129320_2016423121885001_4972031726711310455_n.jpg"",""market_observations"":0,""market_median_aud"":"""",""recommended_retail_aud"":"""",""pricing_status"":""insufficient_market_data"",""market_sources"":[]},{""source_title"":""Shrimpy Bits 15g by SAS"",""proposed_option"":""15g"",""cost_plus_gst"":""6.19"",""markdown_plus_gst"":""4.79"",""source_url"":""https://daluawholesale.com.au/product/shrimpy-bits15g-by-sas/"",""image_url"":""https://daluawholesale.com.au/wp-content/uploads/2022/11/299129320_2016423121885001_4972031726711310455_n.jpg"",""market_observations"":0,""market_median_aud"":"""",""recommended_retail_aud"":"""",""pricing_status"":""insufficient_market_data"",""market_sources"":[]}]",partial_or_unpriced
tiger forest wood per piece,5,Tiger Forest Wood Per Piece,"[{""source_title"":""Tiger Forest Wood X-Large per piece"",""proposed_option"":""X-Large"",""cost_plus_gst"":""56.65"",""markdown_plus_gst"":""43.60"",""source_url"":""https://daluawholesale.com.au/product/tiger-forest-x-large-per-piece/"",""image_url"":""https://daluawholesale.com.au/wp-content/uploads/2024/01/Untitled-design-47.png"",""market_observations"":0,""market_median_aud"":"""",""recommended_retail_aud"":"""",""pricing_status"":""insufficient_market_data"",""market_sources"":[]},{""source_title"":""Tiger Forest Wood Large per piece"",""proposed_option"":""Large"",""cost_plus_gst"":""27.83"",""markdown_plus_gst"":""21.41"",""source_url"":""https://daluawholesale.com.au/product/tiger-forest-large-per-piece/"",""image_url"":""https://daluawholesale.com.au/wp-content/uploads/2024/01/Untitled-design-47.png"",""market_observations"":0,""market_median_aud"":"""",""recommended_retail_aud"":"""",""pricing_status"":""insufficient_market_data"",""market_sources"":[]},{""source_title"":""Tiger Forest Wood Medium per piece"",""proposed_option"":""Medium"",""cost_plus_gst"":""14.26"",""markdown_plus_gst"":""10.97"",""source_url"":""https://daluawholesale.com.au/product/tiger-forest-medium-per-piece/"",""image_url"":""https://daluawholesale.com.au/wp-content/uploads/2024/01/Untitled-design-47.png"",""market_observations"":0,""market_median_aud"":"""",""recommended_retail_aud"":"""",""pricing_status"":""insufficient_market_data"",""market_sources"":[]},{""source_title"":""Tiger Forest Wood Small per piece"",""proposed_option"":""Small"",""cost_plus_gst"":""7.40"",""markdown_plus_gst"":""5.92"",""source_url"":""https://daluawholesale.com.au/product/tiger-forest-small-per-piece/"",""image_url"":""https://daluawholesale.com.au/wp-content/uploads/2024/01/Untitled-design-47.png"",""market_observations"":0,""market_median_aud"":"""",""recommended_retail_aud"":"""",""pricing_status"":""insufficient_market_data"",""market_sources"":[]},{""source_title"":""Tiger Forest Wood X-Small per piece"",""proposed_option"":""X-Small"",""cost_plus_gst"":""4.74"",""markdown_plus_gst"":""3.80"",""source_url"":""https://daluawholesale.com.au/product/tiger-forest-x-small-per-piece/"",""image_url"":""https://daluawholesale.com.au/wp-content/uploads/2024/01/Untitled-design-47.png"",""market_observations"":0,""market_median_aud"":"""",""recommended_retail_aud"":"""",""pricing_status"":""insufficient_market_data"",""market_sources"":[]}]",partial_or_unpriced
water softener fx,2,Water Softener Fx,"[{""source_title"":""WATER SOFTENER FX 250mL"",""proposed_option"":""250mL"",""cost_plus_gst"":""30.59"",""markdown_plus_gst"":""24.48"",""source_url"":""https://daluawholesale.com.au/product/water-softener-fx-250ml/"",""image_url"":""https://daluawholesale.com.au/wp-content/uploads/2021/06/soft_web_800x.jpg"",""market_observations"":0,""market_median_aud"":"""",""recommended_retail_aud"":"""",""pricing_status"":""insufficient_market_data"",""market_sources"":[]},{""source_title"":""WATER SOFTENER FX 500mL"",""proposed_option"":""500mL"",""cost_plus_gst"":""44.69"",""markdown_plus_gst"":""35.75"",""source_url"":""https://daluawholesale.com.au/product/water-softener-fx-500ml/"",""image_url"":""https://daluawholesale.com.au/wp-content/uploads/2021/06/soft_web_800x.jpg"",""market_observations"":0,""market_median_aud"":"""",""recommended_retail_aud"":"""",""pricing_status"":""insufficient_market_data"",""market_sources"":[]}]",partial_or_unpriced
wio allure riverbed,2,Wio Allure Riverbed,"[{""source_title"":""WIO Black Allure Riverbed 5kg"",""proposed_option"":""5kg / Black"",""cost_plus_gst"":""51.30"",""markdown_plus_gst"":""38.48"",""source_url"":""https://daluawholesale.com.au/product/wio-black-allure-riverbed-5kg/"",""image_url"":""https://daluawholesale.com.au/wp-content/uploads/2025/01/5f6902_f84a4f2da98e4f05b14d74f24d54f4b5mv2.webp"",""market_observations"":2,""market_median_aud"":""72.95"",""recommended_retail_aud"":""72.95"",""pricing_status"":""priced"",""market_sources"":[{""retailer"":""DALUA AU"",""price"":72.95,""score"":1.0,""title"":""WIO - Black Allure Riverbed 5kg"",""url"":""https://dalua.com.au/products/wio-black-allure-riverbed""},{""retailer"":""Nature Pets"",""price"":72.95,""score"":1.0,""title"":""WIO - Black Allure Riverbed 5kg"",""url"":""https://naturepets.com.au/products/wio-black-allure-riverbed""}]},{""source_title"":""WIO Black Allure Riverbed 2kg"",""proposed_option"":""2kg / Black"",""cost_plus_gst"":""26.66"",""markdown_plus_gst"":""20.00"",""source_url"":""https://daluawholesale.com.au/product/wio-black-allure-riverbed-2kg/"",""image_url"":""https://daluawholesale.com.au/wp-content/uploads/2025/01/5f6902_f84a4f2da98e4f05b14d74f24d54f4b5mv2.webp"",""market_observations"":2,""market_median_aud"":""42.95"",""recommended_retail_aud"":""42.95"",""pricing_status"":""priced"",""market_sources"":[{""retailer"":""DALUA AU"",""price"":42.95,""score"":1.0,""title"":""WIO - Black Allure Riverbed 2kg"",""url"":""https://dalua.com.au/products/wio-black-allure-riverbed""},{""retailer"":""Nature Pets"",""price"":42.95,""score"":1.0,""title"":""WIO - Black Allure Riverbed 2kg"",""url"":""https://naturepets.com.au/products/wio-black-allure-riverbed""}]}]",fully_priced
wio dark artist florabed,2,Wio Dark Artist Florabed,"[{""source_title"":""WIO Dark Artist Florabed 1.5kg"",""proposed_option"":""1.5kg"",""cost_plus_gst"":""19.99"",""markdown_plus_gst"":""14.99"",""source_url"":""https://daluawholesale.com.au/product/wio-dark-artist-florabed-set-1-5kg/"",""image_url"":""https://daluawholesale.com.au/wp-content/uploads/2025/01/5f6902_3ca0b6f165f54263b697ea61ba1ffcbdmv2.webp"",""market_observations"":0,""market_median_aud"":"""",""recommended_retail_aud"":"""",""pricing_status"":""insufficient_market_data"",""market_sources"":[]},{""source_title"":""WIO Dark Artist Florabed 3kg"",""proposed_option"":""3kg"",""cost_plus_gst"":""36.64"",""markdown_plus_gst"":""27.48"",""source_url"":""https://daluawholesale.com.au/product/wio-dark-artist-wetland-6-2kg/"",""image_url"":""https://daluawholesale.com.au/wp-content/uploads/2025/01/5f6902_3ca0b6f165f54263b697ea61ba1ffcbdmv2.webp"",""market_observations"":0,""market_median_aud"":"""",""recommended_retail_aud"":"""",""pricing_status"":""insufficient_market_data"",""market_sources"":[]}]",partial_or_unpriced
wio dusk riverbed,2,Wio Dusk Riverbed,"[{""source_title"":""WIO Red Dusk Riverbed 3kg"",""proposed_option"":""3kg / Red"",""cost_plus_gst"":""51.30"",""markdown_plus_gst"":""38.48"",""source_url"":""https://daluawholesale.com.au/product/wio-red-dusk-riverbed-3kg/"",""image_url"":""https://daluawholesale.com.au/wp-content/uploads/2025/01/5f6902_6556c9e0198148c595a4dc658eb5513cmv2.webp"",""market_observations"":4,""market_median_aud"":""53.95"",""recommended_retail_aud"":""53.95"",""pricing_status"":""priced"",""market_sources"":[{""retailer"":""DALUA AU"",""price"":72.95,""score"":1.0,""title"":""WIO - Red Dusk Riverbed 3kg"",""url"":""https://dalua.com.au/products/wio-red-dusk-riverbed""},{""retailer"":""Nature Pets"",""price"":34.95,""score"":1.0,""title"":""WIO - Red Dusk Riverbed 3kg"",""url"":""https://naturepets.com.au/products/wio-red-dusk-riverbed-3kg""},{""retailer"":""The Tech Den"",""price"":72.95,""score"":1.0,""title"":""WIO Red Dusk Riverbed 3KG"",""url"":""https://www.thetechden.com.au/products/wio-red-dusk-riverbed-3kg""},{""retailer"":""Nature Aquariums"",""price"":34.95,""score"":1.0,""title"":""WIO - Red Dusk Riverbed 3kg"",""url"":""https://www.natureaquariums.com.au/products/wio-red-dusk-riverbed-3kg""}]},{""source_title"":""WIO Red Dusk Riverbed 1.5kg"",""proposed_option"":""1.5kg / Red"",""cost_plus_gst"":""26.66"",""markdown_plus_gst"":""20.00"",""source_url"":""https://daluawholesale.com.au/product/wio-red-dusk-riverbed-1-5kg/"",""image_url"":""https://daluawholesale.com.au/wp-content/uploads/2025/01/5f6902_6556c9e0198148c595a4dc658eb5513cmv2.webp"",""market_observations"":2,""market_median_aud"":""40.45"",""recommended_retail_aud"":""40.45"",""pricing_status"":""priced"",""market_sources"":[{""retailer"":""DALUA AU"",""price"":42.95,""score"":1.0,""title"":""WIO - Red Dusk Riverbed 1.5kg"",""url"":""https://dalua.com.au/products/wio-red-dusk-riverbed""},{""retailer"":""The Tech Den"",""price"":37.95,""score"":1.0,""title"":""WIO Red Dusk Riverbed 1.5KG"",""url"":""https://www.thetechden.com.au/products/wio-red-dusk-riverbed-1-5kg""}]}]",fully_priced
wio emerald sand,2,Wio Emerald Sand,"[{""source_title"":""WIO Emerald Sand 5kg"",""proposed_option"":""5kg"",""cost_plus_gst"":""29.30"",""markdown_plus_gst"":""21.98"",""source_url"":""https://daluawholesale.com.au/product/wio-emerald-sand-5kg/"",""image_url"":""https://daluawholesale.com.au/wp-content/uploads/2025/01/5f6902_fb8219dee0bf4aa4a898a01fe874d323mv2.webp"",""market_observations"":1,""market_median_aud"":"""",""recommended_retail_aud"":"""",""pricing_status"":""insufficient_market_data"",""market_sources"":[{""retailer"":""DALUA AU"",""price"":42.95,""score"":1.0,""title"":""WIO - Emerald Sand 5kg"",""url"":""https://dalua.com.au/products/wio-emerald-sand""}]},{""source_title"":""WIO Emerald Sand 2kg"",""proposed_option"":""2kg"",""cost_plus_gst"":""16.64"",""markdown_plus_gst"":""12.49"",""source_url"":""https://daluawholesale.com.au/product/wio-emerald-sand-2kg/"",""image_url"":""https://daluawholesale.com.au/wp-content/uploads/2025/01/5f6902_fb8219dee0bf4aa4a898a01fe874d323mv2.webp"",""market_observations"":1,""market_median_aud"":"""",""recommended_retail_aud"":"""",""pricing_status"":""insufficient_market_data"",""market_sources"":[{""retailer"":""DALUA AU"",""price"":26.95,""score"":1.0,""title"":""WIO - Emerald Sand 2kg"",""url"":""https://dalua.com.au/products/wio-emerald-sand""}]}]",partial_or_unpriced
wio eonian artist fine florabed,2,Wio Eonian Artist Fine Florabed,"[{""source_title"":""WIO Black Eonian Artist ** Fine ** Florabed 1.5kg"",""proposed_option"":""1.5kg / Black / Fine"",""cost_plus_gst"":""21.99"",""markdown_plus_gst"":""16.49"",""source_url"":""https://daluawholesale.com.au/product/wio-black-eonian-artist-fine-florabed-1-5kg/"",""image_url"":""https://daluawholesale.com.au/wp-content/uploads/2025/10/WIO-EonianBlack1.webp"",""market_observations"":2,""market_median_aud"":""24.95"",""recommended_retail_aud"":""24.95"",""pricing_status"":""priced"",""market_sources"":[{""retailer"":""Nature Pets"",""price"":24.95,""score"":0.741,""title"":""WIO - Eonian Black Florabed Fine - 1.5kg"",""url"":""https://naturepets.com.au/products/wio-eonian-black""},{""retailer"":""Nature Aquariums"",""price"":24.95,""score"":0.741,""title"":""WIO - Eonian Black Florabed Fine - 1.5kg"",""url"":""https://www.natureaquariums.com.au/products/wio-eonian-black-florabed""}]},{""source_title"":""WIO Red Eonian Artist ** Fine ** Florabed 1.5kg"",""proposed_option"":""1.5kg / Red / Fine"",""cost_plus_gst"":""21.99"",""markdown_plus_gst"":""16.49"",""source_url"":""https://daluawholesale.com.au/product/wio-red-eonian-artist-fine-florabed-1-5kg/"",""image_url"":""https://daluawholesale.com.au/wp-content/uploads/2025/10/WIO-EonianRed1.webp"",""market_observations"":2,""market_median_aud"":""24.95"",""recommended_retail_aud"":""24.95"",""pricing_status"":""priced"",""market_sources"":[{""retailer"":""Nature Pets"",""price"":24.95,""score"":0.785,""title"":""WIO - Eonian Red Florabed Fine - 1.5kg"",""url"":""https://naturepets.com.au/products/wio-eonian-red""},{""retailer"":""Nature Aquariums"",""price"":24.95,""score"":0.785,""title"":""WIO - Eonian Red Florabed Fine - 1.5kg"",""url"":""https://www.natureaquariums.com.au/products/wio-eonian-red-florabed""}]}]",fully_priced
wio eonian artist florabed,3,Wio Eonian Artist Florabed,"[{""source_title"":""WIO Black Eonian Artist Florabed 1.5kg"",""proposed_option"":""1.5kg / Black"",""cost_plus_gst"":""19.99"",""markdown_plus_gst"":""14.99"",""source_url"":""https://daluawholesale.com.au/product/wio-black-eonian-artist-florabed-1-5kg/"",""image_url"":""https://daluawholesale.com.au/wp-content/uploads/2025/10/WIO-EonianBlack1.webp"",""market_observations"":0,""market_median_aud"":"""",""recommended_retail_aud"":"""",""pricing_status"":""insufficient_market_data"",""market_sources"":[]},{""source_title"":""WIO Red Eonian Artist Florabed 3kg"",""proposed_option"":""3kg / Red"",""cost_plus_gst"":""36.64"",""markdown_plus_gst"":""27.48"",""source_url"":""https://daluawholesale.com.au/product/wio-red-eonian-artist-florabed-3kg/"",""image_url"":""https://daluawholesale.com.au/wp-content/uploads/2025/10/WIO-EonianRed.webp"",""market_observations"":0,""market_median_aud"":"""",""recommended_retail_aud"":"""",""pricing_status"":""insufficient_market_data"",""market_sources"":[]},{""source_title"":""WIO Red Eonian Artist Florabed 1.5kg"",""proposed_option"":""1.5kg / Red"",""cost_plus_gst"":""19.99"",""markdown_plus_gst"":""14.99"",""source_url"":""https://daluawholesale.com.au/product/wio-eonian-artist-florabed-1-5kg/"",""image_url"":""https://daluawholesale.com.au/wp-content/uploads/2025/10/WIO-EonianRed1.webp"",""market_observations"":0,""market_median_aud"":"""",""recommended_retail_aud"":"""",""pricing_status"":""insufficient_market_data"",""market_sources"":[]}]",partial_or_unpriced
wio golden hour riverbed,2,Wio Golden Hour Riverbed,"[{""source_title"":""WIO Golden Hour Riverbed 2kg"",""proposed_option"":""2kg"",""cost_plus_gst"":""26.66"",""markdown_plus_gst"":""20.00"",""source_url"":""https://daluawholesale.com.au/product/wio-golden-hour-riverbed-2kg/"",""image_url"":""https://daluawholesale.com.au/wp-content/uploads/2025/01/wio_riverbeds_elderly_detail.png"",""market_observations"":1,""market_median_aud"":"""",""recommended_retail_aud"":"""",""pricing_status"":""insufficient_market_data"",""market_sources"":[{""retailer"":""DALUA AU"",""price"":42.95,""score"":1.0,""title"":""WIO - Golden Hour Riverbed 2kg"",""url"":""https://dalua.com.au/products/wio-golden-hour-riverbed""}]},{""source_title"":""WIO Golden Hour Riverbed 5kg"",""proposed_option"":""5kg"",""cost_plus_gst"":""51.30"",""markdown_plus_gst"":""38.48"",""source_url"":""https://daluawholesale.com.au/product/wio-golden-hour-riverbed-5kg/"",""image_url"":""https://daluawholesale.com.au/wp-content/uploads/2025/01/wio_riverbeds_elderly_detail.png"",""market_observations"":1,""market_median_aud"":"""",""recommended_retail_aud"":"""",""pricing_status"":""insufficient_market_data"",""market_sources"":[{""retailer"":""DALUA AU"",""price"":72.95,""score"":1.0,""title"":""WIO - Golden Hour Riverbed 5kg"",""url"":""https://dalua.com.au/products/wio-golden-hour-riverbed""}]}]",partial_or_unpriced
wio jade bliss river bed,2,Wio Jade Bliss River Bed,"[{""source_title"":""WIO Jade Bliss River Bed 5kg"",""proposed_option"":""5kg"",""cost_plus_gst"":""51.30"",""markdown_plus_gst"":""38.48"",""source_url"":""https://daluawholesale.com.au/product/wio-jade-bliss-river-bed-5kg/"",""image_url"":""https://daluawholesale.com.au/wp-content/uploads/2025/01/5f6902_f84a4f2da98e4f05b14d74f24d54f4b5mv2.webp"",""market_observations"":1,""market_median_aud"":"""",""recommended_retail_aud"":"""",""pricing_status"":""insufficient_market_data"",""market_sources"":[{""retailer"":""DALUA AU"",""price"":84.95,""score"":0.859,""title"":""WIO - Jade Bliss Riverbed 5kg"",""url"":""https://dalua.com.au/products/wio-jade-bliss""}]},{""source_title"":""WIO Jade Bliss River Bed 2kg"",""proposed_option"":""2kg"",""cost_plus_gst"":""26.66"",""markdown_plus_gst"":""20.00"",""source_url"":""https://daluawholesale.com.au/product/wio-jade-bliss-river-bed-2kg/"",""image_url"":""https://daluawholesale.com.au/wp-content/uploads/2025/01/5f6902_f84a4f2da98e4f05b14d74f24d54f4b5mv2.webp"",""market_observations"":1,""market_median_aud"":"""",""recommended_retail_aud"":"""",""pricing_status"":""insufficient_market_data"",""market_sources"":[{""retailer"":""DALUA AU"",""price"":45.95,""score"":0.859,""title"":""WIO - Jade Bliss Riverbed 2kg"",""url"":""https://dalua.com.au/products/wio-jade-bliss""}]}]",partial_or_unpriced
wio midnight veil riverbed,2,Wio Midnight Veil Riverbed,"[{""source_title"":""WIO Midnight Veil Riverbed 1.5kg"",""proposed_option"":""1.5kg"",""cost_plus_gst"":""26.66"",""markdown_plus_gst"":""20.00"",""source_url"":""https://daluawholesale.com.au/product/wio-midnight-veil-riverbed-1-5kg/"",""image_url"":""https://daluawholesale.com.au/wp-content/uploads/2025/01/5f6902_ee4d980ea8d045cfa1947c3302052cfbmv2-1.webp"",""market_observations"":2,""market_median_aud"":""42.95"",""recommended_retail_aud"":""42.95"",""pricing_status"":""priced"",""market_sources"":[{""retailer"":""DALUA AU"",""price"":42.95,""score"":1.0,""title"":""WIO - Midnight Veil Riverbed 1.5kg"",""url"":""https://dalua.com.au/products/wio-midnight-veil-riverbed""},{""retailer"":""Nature Pets"",""price"":42.95,""score"":1.0,""title"":""WIO - Midnight Veil Riverbed 1.5kg"",""url"":""https://naturepets.com.au/products/wio-midnight-veil-riverbed""}]},{""source_title"":""WIO Midnight Veil Riverbed 3kg"",""proposed_option"":""3kg"",""cost_plus_gst"":""51.30"",""markdown_plus_gst"":""38.48"",""source_url"":""https://daluawholesale.com.au/product/wio-midnight-veil-riverbed-3kg/"",""image_url"":""https://daluawholesale.com.au/wp-content/uploads/2025/01/5f6902_ee4d980ea8d045cfa1947c3302052cfbmv2-1.webp"",""market_observations"":2,""market_median_aud"":""72.95"",""recommended_retail_aud"":""72.95"",""pricing_status"":""priced"",""market_sources"":[{""retailer"":""DALUA AU"",""price"":72.95,""score"":1.0,""title"":""WIO - Midnight Veil Riverbed 3kg"",""url"":""https://dalua.com.au/products/wio-midnight-veil-riverbed""},{""retailer"":""Nature Pets"",""price"":72.95,""score"":1.0,""title"":""WIO - Midnight Veil Riverbed 3kg"",""url"":""https://naturepets.com.au/products/wio-midnight-veil-riverbed""}]}]",fully_priced
wio mustard artist florabed,2,Wio Mustard Artist Florabed,"[{""source_title"":""WIO Mustard Artist Florabed 3kg"",""proposed_option"":""3kg"",""cost_plus_gst"":""40.30"",""markdown_plus_gst"":""30.23"",""source_url"":""https://daluawholesale.com.au/product/wio-mustard-artist-florabed-3kg/"",""image_url"":""https://daluawholesale.com.au/wp-content/uploads/2025/10/WIO-ArtistMustard2.webp"",""market_observations"":0,""market_median_aud"":"""",""recommended_retail_aud"":"""",""pricing_status"":""insufficient_market_data"",""market_sources"":[]},{""source_title"":""WIO Mustard Artist Florabed 1.5kg"",""proposed_option"":""1.5kg"",""cost_plus_gst"":""21.99"",""markdown_plus_gst"":""16.49"",""source_url"":""https://daluawholesale.com.au/product/wio-mustard-artist-florabed-1-5kg/"",""image_url"":""https://daluawholesale.com.au/wp-content/uploads/2025/10/WIO-ArtistMustard2.webp"",""market_observations"":0,""market_median_aud"":"""",""recommended_retail_aud"":"""",""pricing_status"":""insufficient_market_data"",""market_sources"":[]}]",partial_or_unpriced
wio mustard artist florabed fine,2,Wio Mustard Artist Florabed Fine,"[{""source_title"":""WIO Mustard Artist Florabed *Fine* 3kg"",""proposed_option"":""3kg / Fine"",""cost_plus_gst"":""26.75"",""markdown_plus_gst"":""20.06"",""source_url"":""https://daluawholesale.com.au/product/wio-mustard-artist-florabed-fine-3kg/"",""image_url"":""https://daluawholesale.com.au/wp-content/uploads/2025/10/mustard-fine-soil.png"",""market_observations"":2,""market_median_aud"":""49.95"",""recommended_retail_aud"":""49.95"",""pricing_status"":""priced"",""market_sources"":[{""retailer"":""Nature Pets"",""price"":49.95,""score"":1.0,""title"":""WIO - Mustard Artist Florabed Fine - 3kg"",""url"":""https://naturepets.com.au/products/wio-artist-mustard""},{""retailer"":""Nature Aquariums"",""price"":49.95,""score"":1.0,""title"":""WIO - Mustard Artist Florabed Fine - 3kg"",""url"":""https://www.natureaquariums.com.au/products/wio-mustard-artist-florabed""}]},{""source_title"":""WIO Mustard Artist Florabed **Fine** 1.5kg"",""proposed_option"":""1.5kg / Fine"",""cost_plus_gst"":""21.99"",""markdown_plus_gst"":""16.49"",""source_url"":""https://daluawholesale.com.au/product/wio-mustard-artist-florabed-fine-1-5kg-copy/"",""image_url"":""https://daluawholesale.com.au/wp-content/uploads/2025/10/mustard-fine-soil.png"",""market_observations"":2,""market_median_aud"":""24.95"",""recommended_retail_aud"":""24.95"",""pricing_status"":""priced"",""market_sources"":[{""retailer"":""Nature Pets"",""price"":24.95,""score"":1.0,""title"":""WIO - Mustard Artist Florabed Fine - 1.5kg"",""url"":""https://naturepets.com.au/products/wio-artist-mustard""},{""retailer"":""Nature Aquariums"",""price"":24.95,""score"":1.0,""title"":""WIO - Mustard Artist Florabed Fine - 1.5kg"",""url"":""https://www.natureaquariums.com.au/products/wio-mustard-artist-florabed""}]}]",fully_priced
wio powervol,2,Wio Powervol,"[{""source_title"":""WIO Powervol 5kg"",""proposed_option"":""5kg"",""cost_plus_gst"":""31.58"",""markdown_plus_gst"":""23.68"",""source_url"":""https://daluawholesale.com.au/product/wio-powervol-5kg/"",""image_url"":""https://daluawholesale.com.au/wp-content/uploads/2025/01/5f6902_953a2ce7437543de9a22aafc8fda3137mv2.webp"",""market_observations"":0,""market_median_aud"":"""",""recommended_retail_aud"":"""",""pricing_status"":""insufficient_market_data"",""market_sources"":[]},{""source_title"":""WIO Powervol 2kg"",""proposed_option"":""2kg"",""cost_plus_gst"":""15.41"",""markdown_plus_gst"":""11.56"",""source_url"":""https://daluawholesale.com.au/product/wio-powervol-2kg/"",""image_url"":""https://daluawholesale.com.au/wp-content/uploads/2025/01/5f6902_953a2ce7437543de9a22aafc8fda3137mv2.webp"",""market_observations"":0,""market_median_aud"":"""",""recommended_retail_aud"":"""",""pricing_status"":""insufficient_market_data"",""market_sources"":[]}]",partial_or_unpriced
wio scapeglue,5,Wio Scapeglue,"[{""source_title"":""WIO Scapeglue (Black)"",""proposed_option"":""Black"",""cost_plus_gst"":""24.60"",""markdown_plus_gst"":""19.65"",""source_url"":""https://daluawholesale.com.au/product/wio-scapeglue-black/"",""image_url"":""https://daluawholesale.com.au/wp-content/uploads/2026/06/scapeglue-kit-wio.png"",""market_observations"":0,""market_median_aud"":"""",""recommended_retail_aud"":"""",""pricing_status"":""insufficient_market_data"",""market_sources"":[]},{""source_title"":""WIO Scapeglue (Grey)"",""proposed_option"":""Grey"",""cost_plus_gst"":""24.60"",""markdown_plus_gst"":""19.65"",""source_url"":""https://daluawholesale.com.au/product/wio-scapeglue-grey/"",""image_url"":""https://daluawholesale.com.au/wp-content/uploads/2026/06/scapeglue-kit-wio.png"",""market_observations"":0,""market_median_aud"":"""",""recommended_retail_aud"":"""",""pricing_status"":""insufficient_market_data"",""market_sources"":[]},{""source_title"":""WIO Scapeglue (Pale)"",""proposed_option"":""Pale"",""cost_plus_gst"":""24.60"",""markdown_plus_gst"":""19.65"",""source_url"":""https://daluawholesale.com.au/product/wio-scapeglue-pale/"",""image_url"":""https://daluawholesale.com.au/wp-content/uploads/2026/06/scapeglue-kit-wio.png"",""market_observations"":0,""market_median_aud"":"""",""recommended_retail_aud"":"""",""pricing_status"":""insufficient_market_data"",""market_sources"":[]},{""source_title"":""WIO Scapeglue (Yellow)"",""proposed_option"":""Yellow"",""cost_plus_gst"":""24.60"",""markdown_plus_gst"":""19.65"",""source_url"":""https://daluawholesale.com.au/product/wio-scapeglue-yellow/"",""image_url"":""https://daluawholesale.com.au/wp-content/uploads/2026/06/scapeglue-kit-wio.png"",""market_observations"":0,""market_median_aud"":"""",""recommended_retail_aud"":"""",""pricing_status"":""insufficient_market_data"",""market_sources"":[]},{""source_title"":""WIO Scapeglue (Red)"",""proposed_option"":""Red"",""cost_plus_gst"":""24.60"",""markdown_plus_gst"":""19.65"",""source_url"":""https://daluawholesale.com.au/product/wio-scapeglue-red/"",""image_url"":""https://daluawholesale.com.au/wp-content/uploads/2026/06/scapeglue-kit-wio.png"",""market_observations"":0,""market_median_aud"":"""",""recommended_retail_aud"":"""",""pricing_status"":""insufficient_market_data"",""market_sources"":[]}]",partial_or_unpriced
wio tan savage riverbed,2,Wio Tan Savage Riverbed,"[{""source_title"":""WIO Tan Savage Riverbed 5kg"",""proposed_option"":""5kg"",""cost_plus_gst"":""51.30"",""markdown_plus_gst"":""38.48"",""source_url"":""https://daluawholesale.com.au/product/wio-tan-savage-riverbed-5kg/"",""image_url"":""https://daluawholesale.com.au/wp-content/uploads/2025/10/wio_riverbeds_savage_detail.png"",""market_observations"":1,""market_median_aud"":"""",""recommended_retail_aud"":"""",""pricing_status"":""insufficient_market_data"",""market_sources"":[{""retailer"":""DALUA AU"",""price"":72.95,""score"":1.0,""title"":""WIO - Tan Savage Riverbed 5kg"",""url"":""https://dalua.com.au/products/wio-tan-savage-riverbed""}]},{""source_title"":""WIO Tan Savage Riverbed 2kg"",""proposed_option"":""2kg"",""cost_plus_gst"":""26.66"",""markdown_plus_gst"":""20.00"",""source_url"":""https://daluawholesale.com.au/product/wio-tan-savage-riverbed-2kg/"",""image_url"":""https://daluawholesale.com.au/wp-content/uploads/2025/10/wio_riverbeds_savage_detail.png"",""market_observations"":1,""market_median_aud"":"""",""recommended_retail_aud"":"""",""pricing_status"":""insufficient_market_data"",""market_sources"":[{""retailer"":""DALUA AU"",""price"":42.95,""score"":1.0,""title"":""WIO - Tan Savage Riverbed 2kg"",""url"":""https://dalua.com.au/products/wio-tan-savage-riverbed""}]}]",partial_or_unpriced
wio terra artist florabed,2,Wio Terra Artist Florabed,"[{""source_title"":""WIO Terra Artist Florabed 3kg"",""proposed_option"":""3kg"",""cost_plus_gst"":""36.64"",""markdown_plus_gst"":""27.48"",""source_url"":""https://daluawholesale.com.au/product/wio-terra-artist-florabed-3kg/"",""image_url"":""https://daluawholesale.com.au/wp-content/uploads/2025/01/5f6902_e3b5640610df4d22a1140bb3ed857778mv2.webp"",""market_observations"":0,""market_median_aud"":"""",""recommended_retail_aud"":"""",""pricing_status"":""insufficient_market_data"",""market_sources"":[]},{""source_title"":""WIO Terra Artist Florabed 1.5kg"",""proposed_option"":""1.5kg"",""cost_plus_gst"":""19.99"",""markdown_plus_gst"":""14.99"",""source_url"":""https://daluawholesale.com.au/product/wio-terra-artist-florabed-1-5kg/"",""image_url"":""https://daluawholesale.com.au/wp-content/uploads/2025/01/5f6902_e3b5640610df4d22a1140bb3ed857778mv2.webp"",""market_observations"":0,""market_median_aud"":"""",""recommended_retail_aud"":"""",""pricing_status"":""insufficient_market_data"",""market_sources"":[]}]",partial_or_unpriced
wio terra artist florabed fine,2,Wio Terra Artist Florabed Fine,"[{""source_title"":""WIO Terra Artist Florabed *Fine* 3kg"",""proposed_option"":""3kg / Fine"",""cost_plus_gst"":""40.29"",""markdown_plus_gst"":""30.22"",""source_url"":""https://daluawholesale.com.au/product/wio-terra-artist-florabed-fine-3kg/"",""image_url"":""https://daluawholesale.com.au/wp-content/uploads/2025/01/terra-fine-soil.png"",""market_observations"":2,""market_median_aud"":""49.95"",""recommended_retail_aud"":""49.95"",""pricing_status"":""priced"",""market_sources"":[{""retailer"":""Nature Pets"",""price"":49.95,""score"":1.0,""title"":""WIO - Terra Artist Florabed Fine - 3kg"",""url"":""https://naturepets.com.au/products/wio-artist-terra""},{""retailer"":""Nature Aquariums"",""price"":49.95,""score"":1.0,""title"":""WIO - Terra Artist Florabed Fine - 3kg"",""url"":""https://www.natureaquariums.com.au/products/wio-terra-artist-florabed""}]},{""source_title"":""WIO Terra Artist Florabed *Fine* 1.5kg"",""proposed_option"":""1.5kg / Fine"",""cost_plus_gst"":""21.99"",""markdown_plus_gst"":""16.49"",""source_url"":""https://daluawholesale.com.au/product/wio-terra-artist-florabed-fine-1-5kg/"",""image_url"":""https://daluawholesale.com.au/wp-content/uploads/2025/01/terra-fine-soil.png"",""market_observations"":2,""market_median_aud"":""24.95"",""recommended_retail_aud"":""24.95"",""pricing_status"":""priced"",""market_sources"":[{""retailer"":""Nature Pets"",""price"":24.95,""score"":1.0,""title"":""WIO - Terra Artist Florabed Fine - 1.5kg"",""url"":""https://naturepets.com.au/products/wio-artist-terra""},{""retailer"":""Nature Aquariums"",""price"":24.95,""score"":1.0,""title"":""WIO - Terra Artist Florabed Fine - 1.5kg"",""url"":""https://www.natureaquariums.com.au/products/wio-terra-artist-florabed""}]}]",fully_priced
wio tigris sand,2,Wio Tigris Sand,"[{""source_title"":""WIO Tigris Sand 5kg"",""proposed_option"":""5kg"",""cost_plus_gst"":""29.30"",""markdown_plus_gst"":""21.98"",""source_url"":""https://daluawholesale.com.au/product/wio-tigris-sand-5kg/"",""image_url"":""https://daluawholesale.com.au/wp-content/uploads/2025/01/5f6902_af4459be5a154acca2eb9262355c3f16mv2.webp"",""market_observations"":4,""market_median_aud"":""46.98"",""recommended_retail_aud"":""46.98"",""pricing_status"":""priced"",""market_sources"":[{""retailer"":""DALUA AU"",""price"":42.95,""score"":1.0,""title"":""WIO - Tigris Sand 5kg"",""url"":""https://dalua.com.au/products/wio-tigris-sand""},{""retailer"":""Nature Pets"",""price"":49.0,""score"":1.0,""title"":""WIO - Tigris Sand 5kg"",""url"":""https://naturepets.com.au/products/wio-tigris-sand""},{""retailer"":""The Tech Den"",""price"":44.95,""score"":1.0,""title"":""WIO Tigris Sand 5kg**"",""url"":""https://www.thetechden.com.au/products/wio-tigris-sand-5kg""},{""retailer"":""Nature Aquariums"",""price"":49.0,""score"":1.0,""title"":""WIO - Tigris Sand 5kg"",""url"":""https://www.natureaquariums.com.au/products/wio-tigris-sand""}]},{""source_title"":""WIO Tigris Sand 2kg"",""proposed_option"":""2kg"",""cost_plus_gst"":""16.64"",""markdown_plus_gst"":""12.49"",""source_url"":""https://daluawholesale.com.au/product/wio-tigris-sand-2kg/"",""image_url"":""https://daluawholesale.com.au/wp-content/uploads/2025/01/5f6902_af4459be5a154acca2eb9262355c3f16mv2.webp"",""market_observations"":3,""market_median_aud"":""24.00"",""recommended_retail_aud"":""24.00"",""pricing_status"":""priced"",""market_sources"":[{""retailer"":""DALUA AU"",""price"":26.95,""score"":1.0,""title"":""WIO - Tigris Sand 2kg"",""url"":""https://dalua.com.au/products/wio-tigris-sand""},{""retailer"":""Nature Pets"",""price"":24.0,""score"":1.0,""title"":""WIO - Tigris Sand 2kg"",""url"":""https://naturepets.com.au/products/wio-tigris-sand""},{""retailer"":""Nature Aquariums"",""price"":24.0,""score"":1.0,""title"":""WIO - Tigris Sand 2kg"",""url"":""https://www.natureaquariums.com.au/products/wio-tigris-sand""}]}]",fully_priced
wio vik iceland sand,2,Wio Vik Iceland Sand,"[{""source_title"":""WIO Vik Iceland Sand 5kg"",""proposed_option"":""5kg"",""cost_plus_gst"":""29.30"",""markdown_plus_gst"":""21.98"",""source_url"":""https://daluawholesale.com.au/product/wio-vik-iceland-sand-5kg/"",""image_url"":""https://daluawholesale.com.au/wp-content/uploads/2025/01/5f6902_f9a1bb24e78b48f0b3943894d1a647ebmv2.webp"",""market_observations"":3,""market_median_aud"":""42.95"",""recommended_retail_aud"":""42.95"",""pricing_status"":""priced"",""market_sources"":[{""retailer"":""DALUA AU"",""price"":42.95,""score"":1.0,""title"":""WIO - Vik Iceland Sand 5kg"",""url"":""https://dalua.com.au/products/wio-vik-iceland-sand""},{""retailer"":""Nature Pets"",""price"":42.95,""score"":1.0,""title"":""WIO - Vik Iceland Sand 5kg"",""url"":""https://naturepets.com.au/products/wio-vik-iceland-sand""},{""retailer"":""The Tech Den"",""price"":49.95,""score"":1.0,""title"":""WIO Vik Iceland Sand 5kg**"",""url"":""https://www.thetechden.com.au/products/wio-vik-iceland-sand-5kg""}]},{""source_title"":""WIO Vik Iceland Sand 2kg"",""proposed_option"":""2kg"",""cost_plus_gst"":""16.64"",""markdown_plus_gst"":""12.49"",""source_url"":""https://daluawholesale.com.au/product/wio-vik-iceland-sand-2kg/"",""image_url"":""https://daluawholesale.com.au/wp-content/uploads/2025/01/5f6902_f9a1bb24e78b48f0b3943894d1a647ebmv2.webp"",""market_observations"":3,""market_median_aud"":""26.95"",""recommended_retail_aud"":""26.95"",""pricing_status"":""priced"",""market_sources"":[{""retailer"":""DALUA AU"",""price"":26.95,""score"":1.0,""title"":""WIO - Vik Iceland Sand 2kg"",""url"":""https://dalua.com.au/products/wio-vik-iceland-sand""},{""retailer"":""Nature Pets"",""price"":26.95,""score"":1.0,""title"":""WIO - Vik Iceland Sand 2kg"",""url"":""https://naturepets.com.au/products/wio-vik-iceland-sand""},{""retailer"":""The Tech Den"",""price"":19.95,""score"":1.0,""title"":""WIO Vik Iceland Sand 2kg"",""url"":""https://www.thetechden.com.au/products/wio-vik-iceland-sand-2kg""}]}]",fully_priced
